{
  "v": "4.6.3",
  "fr": 30,
  "ip": 0,
  "op": 40,
  "w": 750,
  "h": 450,
  "nm": "Comp 4",
  "ddd": 0,
  "assets": [],
  "layers": [
    {
      "ddd": 0,
      "ind": 1,
      "ty": 4,
      "nm": "arrow Outlines 4",
      "ks": {
        "o": {
          "a": 1,
          "k": [
            {
              "i": {
                "x": [
                  0.833
                ],
                "y": [
                  0.833
                ]
              },
              "o": {
                "x": [
                  0.167
                ],
                "y": [
                  0.167
                ]
              },
              "n": [
                "0p833_0p833_0p167_0p167"
              ],
              "t": 15,
              "s": [
                100
              ],
              "e": [
                0
              ]
            },
            {
              "t": 40
            }
          ]
        },
        "r": {
          "a": 0,
          "k": 0
        },
        "p": {
          "a": 0,
          "k": [
            598,
            246,
            0
          ]
        },
        "a": {
          "a": 0,
          "k": [
            144,
            280,
            0
          ]
        },
        "s": {
          "a": 0,
          "k": [
            -100,
            100,
            100
          ]
        }
      },
      "ao": 0,
      "shapes": [
        {
          "ty": "gr",
          "it": [
            {
              "ind": 0,
              "ty": "sh",
              "ix": 1,
              "ks": {
                "a": 0,
                "k": {
                  "i": [
                    [
                      0,
                      0
                    ],
                    [
                      0,
                      0
                    ],
                    [
                      0,
                      0
                    ],
                    [
                      0,
                      0
                    ],
                    [
                      0,
                      0
                    ],
                    [
                      0,
                      0
                    ]
                  ],
                  "o": [
                    [
                      0,
                      0
                    ],
                    [
                      0,
                      0
                    ],
                    [
                      0,
                      0
                    ],
                    [
                      0,
                      0
                    ],
                    [
                      0,
                      0
                    ],
                    [
                      0,
                      0
                    ]
                  ],
                  "v": [
                    [
                      25.138,
                      -227.081
                    ],
                    [
                      -144,
                      -0.159
                    ],
                    [
                      25.138,
                      227.082
                    ],
                    [
                      144,
                      227.082
                    ],
                    [
                      -25.138,
                      -0.159
                    ],
                    [
                      144,
                      -227.081
                    ]
                  ],
                  "c": true
                }
              },
              "nm": "Path 1",
              "mn": "ADBE Vector Shape - Group"
            },
            {
              "ty": "fl",
              "c": {
                "a": 0,
                "k": [
                  1,
                  1,
                  1,
                  1
                ]
              },
              "o": {
                "a": 0,
                "k": 100
              },
              "r": 1,
              "nm": "Fill 1",
              "mn": "ADBE Vector Graphic - Fill"
            },
            {
              "ty": "tr",
              "p": {
                "a": 0,
                "k": [
                  144,
                  259.931
                ],
                "ix": 2
              },
              "a": {
                "a": 0,
                "k": [
                  0,
                  0
                ],
                "ix": 1
              },
              "s": {
                "a": 0,
                "k": [
                  100,
                  100
                ],
                "ix": 3
              },
              "r": {
                "a": 0,
                "k": 0,
                "ix": 6
              },
              "o": {
                "a": 0,
                "k": 100,
                "ix": 7
              },
              "sk": {
                "a": 0,
                "k": 0,
                "ix": 4
              },
              "sa": {
                "a": 0,
                "k": 0,
                "ix": 5
              },
              "nm": "Transform"
            }
          ],
          "nm": "Group 1",
          "np": 2,
          "cix": 2,
          "ix": 1,
          "mn": "ADBE Vector Group"
        }
      ],
      "ip": 15,
      "op": 155,
      "st": 5,
      "bm": 0,
      "sr": 1
    },
    {
      "ddd": 0,
      "ind": 2,
      "ty": 4,
      "nm": "arrow Outlines 5",
      "ks": {
        "o": {
          "a": 1,
          "k": [
            {
              "i": {
                "x": [
                  0.833
                ],
                "y": [
                  0.833
                ]
              },
              "o": {
                "x": [
                  0.167
                ],
                "y": [
                  0.167
                ]
              },
              "n": [
                "0p833_0p833_0p167_0p167"
              ],
              "t": 10,
              "s": [
                100
              ],
              "e": [
                0
              ]
            },
            {
              "t": 35
            }
          ]
        },
        "r": {
          "a": 0,
          "k": 0
        },
        "p": {
          "a": 0,
          "k": [
            448,
            246,
            0
          ]
        },
        "a": {
          "a": 0,
          "k": [
            144,
            280,
            0
          ]
        },
        "s": {
          "a": 0,
          "k": [
            -100,
            100,
            100
          ]
        }
      },
      "ao": 0,
      "shapes": [
        {
          "ty": "gr",
          "it": [
            {
              "ind": 0,
              "ty": "sh",
              "ix": 1,
              "ks": {
                "a": 0,
                "k": {
                  "i": [
                    [
                      0,
                      0
                    ],
                    [
                      0,
                      0
                    ],
                    [
                      0,
                      0
                    ],
                    [
                      0,
                      0
                    ],
                    [
                      0,
                      0
                    ],
                    [
                      0,
                      0
                    ]
                  ],
                  "o": [
                    [
                      0,
                      0
                    ],
                    [
                      0,
                      0
                    ],
                    [
                      0,
                      0
                    ],
                    [
                      0,
                      0
                    ],
                    [
                      0,
                      0
                    ],
                    [
                      0,
                      0
                    ]
                  ],
                  "v": [
                    [
                      25.138,
                      -227.081
                    ],
                    [
                      -144,
                      -0.159
                    ],
                    [
                      25.138,
                      227.082
                    ],
                    [
                      144,
                      227.082
                    ],
                    [
                      -25.138,
                      -0.159
                    ],
                    [
                      144,
                      -227.081
                    ]
                  ],
                  "c": true
                }
              },
              "nm": "Path 1",
              "mn": "ADBE Vector Shape - Group"
            },
            {
              "ty": "fl",
              "c": {
                "a": 0,
                "k": [
                  1,
                  1,
                  1,
                  1
                ]
              },
              "o": {
                "a": 0,
                "k": 100
              },
              "r": 1,
              "nm": "Fill 1",
              "mn": "ADBE Vector Graphic - Fill"
            },
            {
              "ty": "tr",
              "p": {
                "a": 0,
                "k": [
                  144,
                  259.931
                ],
                "ix": 2
              },
              "a": {
                "a": 0,
                "k": [
                  0,
                  0
                ],
                "ix": 1
              },
              "s": {
                "a": 0,
                "k": [
                  100,
                  100
                ],
                "ix": 3
              },
              "r": {
                "a": 0,
                "k": 0,
                "ix": 6
              },
              "o": {
                "a": 0,
                "k": 100,
                "ix": 7
              },
              "sk": {
                "a": 0,
                "k": 0,
                "ix": 4
              },
              "sa": {
                "a": 0,
                "k": 0,
                "ix": 5
              },
              "nm": "Transform"
            }
          ],
          "nm": "Group 1",
          "np": 2,
          "cix": 2,
          "ix": 1,
          "mn": "ADBE Vector Group"
        }
      ],
      "ip": 10,
      "op": 155,
      "st": 5,
      "bm": 0,
      "sr": 1
    },
    {
      "ddd": 0,
      "ind": 3,
      "ty": 4,
      "nm": "arrow Outlines 3",
      "ks": {
        "o": {
          "a": 1,
          "k": [
            {
              "i": {
                "x": [
                  0.833
                ],
                "y": [
                  0.833
                ]
              },
              "o": {
                "x": [
                  0.167
                ],
                "y": [
                  0.167
                ]
              },
              "n": [
                "0p833_0p833_0p167_0p167"
              ],
              "t": 5,
              "s": [
                100
              ],
              "e": [
                0
              ]
            },
            {
              "t": 30
            }
          ]
        },
        "r": {
          "a": 0,
          "k": 0
        },
        "p": {
          "a": 0,
          "k": [
            296,
            248,
            0
          ]
        },
        "a": {
          "a": 0,
          "k": [
            144,
            280,
            0
          ]
        },
        "s": {
          "a": 0,
          "k": [
            -100,
            100,
            100
          ]
        }
      },
      "ao": 0,
      "shapes": [
        {
          "ty": "gr",
          "it": [
            {
              "ind": 0,
              "ty": "sh",
              "ix": 1,
              "ks": {
                "a": 0,
                "k": {
                  "i": [
                    [
                      0,
                      0
                    ],
                    [
                      0,
                      0
                    ],
                    [
                      0,
                      0
                    ],
                    [
                      0,
                      0
                    ],
                    [
                      0,
                      0
                    ],
                    [
                      0,
                      0
                    ]
                  ],
                  "o": [
                    [
                      0,
                      0
                    ],
                    [
                      0,
                      0
                    ],
                    [
                      0,
                      0
                    ],
                    [
                      0,
                      0
                    ],
                    [
                      0,
                      0
                    ],
                    [
                      0,
                      0
                    ]
                  ],
                  "v": [
                    [
                      25.138,
                      -227.081
                    ],
                    [
                      -144,
                      -0.159
                    ],
                    [
                      25.138,
                      227.082
                    ],
                    [
                      144,
                      227.082
                    ],
                    [
                      -25.138,
                      -0.159
                    ],
                    [
                      144,
                      -227.081
                    ]
                  ],
                  "c": true
                }
              },
              "nm": "Path 1",
              "mn": "ADBE Vector Shape - Group"
            },
            {
              "ty": "fl",
              "c": {
                "a": 0,
                "k": [
                  1,
                  1,
                  1,
                  1
                ]
              },
              "o": {
                "a": 0,
                "k": 100
              },
              "r": 1,
              "nm": "Fill 1",
              "mn": "ADBE Vector Graphic - Fill"
            },
            {
              "ty": "tr",
              "p": {
                "a": 0,
                "k": [
                  144,
                  259.931
                ],
                "ix": 2
              },
              "a": {
                "a": 0,
                "k": [
                  0,
                  0
                ],
                "ix": 1
              },
              "s": {
                "a": 0,
                "k": [
                  100,
                  100
                ],
                "ix": 3
              },
              "r": {
                "a": 0,
                "k": 0,
                "ix": 6
              },
              "o": {
                "a": 0,
                "k": 100,
                "ix": 7
              },
              "sk": {
                "a": 0,
                "k": 0,
                "ix": 4
              },
              "sa": {
                "a": 0,
                "k": 0,
                "ix": 5
              },
              "nm": "Transform"
            }
          ],
          "nm": "Group 1",
          "np": 2,
          "cix": 2,
          "ix": 1,
          "mn": "ADBE Vector Group"
        }
      ],
      "ip": 5,
      "op": 155,
      "st": 5,
      "bm": 0,
      "sr": 1
    },
    {
      "ddd": 0,
      "ind": 4,
      "ty": 4,
      "nm": "arrow Outlines",
      "ks": {
        "o": {
          "a": 1,
          "k": [
            {
              "i": {
                "x": [
                  0.833
                ],
                "y": [
                  0.833
                ]
              },
              "o": {
                "x": [
                  0.167
                ],
                "y": [
                  0.167
                ]
              },
              "n": [
                "0p833_0p833_0p167_0p167"
              ],
              "t": 0,
              "s": [
                100
              ],
              "e": [
                0
              ]
            },
            {
              "t": 25
            }
          ]
        },
        "r": {
          "a": 0,
          "k": 0
        },
        "p": {
          "a": 0,
          "k": [
            146,
            248,
            0
          ]
        },
        "a": {
          "a": 0,
          "k": [
            144,
            280,
            0
          ]
        },
        "s": {
          "a": 0,
          "k": [
            -100,
            100,
            100
          ]
        }
      },
      "ao": 0,
      "shapes": [
        {
          "ty": "gr",
          "it": [
            {
              "ind": 0,
              "ty": "sh",
              "ix": 1,
              "ks": {
                "a": 0,
                "k": {
                  "i": [
                    [
                      0,
                      0
                    ],
                    [
                      0,
                      0
                    ],
                    [
                      0,
                      0
                    ],
                    [
                      0,
                      0
                    ],
                    [
                      0,
                      0
                    ],
                    [
                      0,
                      0
                    ]
                  ],
                  "o": [
                    [
                      0,
                      0
                    ],
                    [
                      0,
                      0
                    ],
                    [
                      0,
                      0
                    ],
                    [
                      0,
                      0
                    ],
                    [
                      0,
                      0
                    ],
                    [
                      0,
                      0
                    ]
                  ],
                  "v": [
                    [
                      25.138,
                      -227.081
                    ],
                    [
                      -144,
                      -0.159
                    ],
                    [
                      25.138,
                      227.082
                    ],
                    [
                      144,
                      227.082
                    ],
                    [
                      -25.138,
                      -0.159
                    ],
                    [
                      144,
                      -227.081
                    ]
                  ],
                  "c": true
                }
              },
              "nm": "Path 1",
              "mn": "ADBE Vector Shape - Group"
            },
            {
              "ty": "fl",
              "c": {
                "a": 0,
                "k": [
                  1,
                  1,
                  1,
                  1
                ]
              },
              "o": {
                "a": 0,
                "k": 100
              },
              "r": 1,
              "nm": "Fill 1",
              "mn": "ADBE Vector Graphic - Fill"
            },
            {
              "ty": "tr",
              "p": {
                "a": 0,
                "k": [
                  144,
                  259.931
                ],
                "ix": 2
              },
              "a": {
                "a": 0,
                "k": [
                  0,
                  0
                ],
                "ix": 1
              },
              "s": {
                "a": 0,
                "k": [
                  100,
                  100
                ],
                "ix": 3
              },
              "r": {
                "a": 0,
                "k": 0,
                "ix": 6
              },
              "o": {
                "a": 0,
                "k": 100,
                "ix": 7
              },
              "sk": {
                "a": 0,
                "k": 0,
                "ix": 4
              },
              "sa": {
                "a": 0,
                "k": 0,
                "ix": 5
              },
              "nm": "Transform"
            }
          ],
          "nm": "Group 1",
          "np": 2,
          "cix": 2,
          "ix": 1,
          "mn": "ADBE Vector Group"
        }
      ],
      "ip": 0,
      "op": 151,
      "st": 0,
      "bm": 0,
      "sr": 1
    }
  ]
}